<?xml version="1.0" encoding="UTF-8"?>
<beans xmlns="http://www.springframework.org/schema/beans"
	xmlns:xsi="http://www.w3.org/2001/XMLSchema-instance"
	xsi:schemaLocation="http://www.springframework.org/schema/beans http://www.springframework.org/schema/beans/spring-beans-4.3.xsd">
	
	<bean id="pMan" class="com.spring.springTest.t12286.PoliceMan">
		<property name="name" value="홍길동"></property>	
	</bean>
	
	<bean id="dMan" class="com.spring.springTest.t12286.DoctorMan">
		<property name="name" value="김말숙"></property>	
	</bean>
	
	<bean id="fMan" class="com.spring.springTest.t12286.FireMan">
		<property name="name" value="감나무"></property>	
	</bean>
	
</beans>