<?xml version="1.0" encoding="UTF-8"?>

<beans xmlns="http://www.springframework.org/schema/beans"
	xmlns:xsi="http://www.w3.org/2001/XMLSchema-instance"
	xsi:schemaLocation="http://www.springframework.org/schema/beans http://www.springframework.org/schema/beans/spring-beans-4.3.xsd">
	
	<bean id="bBo" class="com.spring.springTest.t12287숙제.BmiVO">
		<property name="name" value="강호동"></property>
		<property name="cm" value="180"></property>
		<property name="kg" value="100"></property>
	</bean>
	
</beans>