<?xml version="1.0" encoding="UTF-8"?>
<beans xmlns="http://www.springframework.org/schema/beans"
	xmlns:xsi="http://www.w3.org/2001/XMLSchema-instance"
	xsi:schemaLocation="http://www.springframework.org/schema/beans http://www.springframework.org/schema/beans/spring-beans-4.3.xsd">
	
	<bean id="sVo1" class="com.spring.springTest.t12285.SungjukVO">
		<property name="name" value="홍길동"></property>
		<property name="kor" value="60"></property>
		<property name="eng" value="80"></property>
		<property name="mat" value="60"></property>
	</bean>
	<bean id="sVo2" class="com.spring.springTest.t12285.SungjukVO">
		<property name="name" value="김말숙"></property>
		<property name="kor" value="70"></property>
		<property name="eng" value="100"></property>
		<property name="mat" value="70"></property>
	</bean>
	<bean id="sVo3" class="com.spring.springTest.t12285.SungjukVO">
		<property name="name" value="감나무"></property>
		<property name="kor" value="80"></property>
		<property name="eng" value="100"></property>
		<property name="mat" value="80"></property>
	</bean>
	
	
</beans>