<?xml version="1.0" encoding="UTF-8"?>

<beans xmlns="http://www.springframework.org/schema/beans"
	xmlns:xsi="http://www.w3.org/2001/XMLSchema-instance"
	xsi:schemaLocation="http://www.springframework.org/schema/beans http://www.springframework.org/schema/beans/spring-beans-4.3.xsd">
	
	<!-- CalculaterService 객체를 생성  -->
	<bean id="se" class="com.spring.springTest.t12284.CalculaterService"/>
	
	<bean id="vo" class="com.spring.springTest.t12284.CalculaterVO">
		<property name="su1"><value>100</value></property>
		<property name="su2" value="200"/>
	</bean>	
		
</beans>